{
  "_fv": 34,
  "_type": "armor",
  "definition": {
    "enableHelmet": false,
    "textureHelmet": "",
    "enableBody": true,
    "textureBody": "ravager_face",
    "enableLeggings": false,
    "textureLeggings": "",
    "enableBoots": false,
    "textureBoots": "",
    "creativeTab": {
      "value": "COMBAT"
    },
    "armorTextureFile": "red_armor",
    "helmetName": "Fake Ravager Helmet",
    "bodyName": "Fake Ravager",
    "leggingsName": "Fake Ravager Leggings",
    "bootsName": "Fake Ravager Boots",
    "helmetSpecialInfo": [],
    "bodySpecialInfo": [],
    "leggingsSpecialInfo": [],
    "bootsSpecialInfo": [],
    "helmetModelName": "Default",
    "helmetModelPart": "Helmet",
    "helmetModelTexture": "From armor",
    "bodyModelName": "ModelanimatedRavagerModel",
    "bodyModelPart": "root",
    "armsModelPartL": "root",
    "armsModelPartR": "root",
    "bodyModelTexture": "advanced-iron-golem-on-planetminecraft-com.png",
    "leggingsModelName": "Default",
    "leggingsModelPartL": "Leggings L",
    "leggingsModelPartR": "Leggings R",
    "leggingsModelTexture": "From armor",
    "bootsModelName": "Default",
    "bootsModelPartL": "Boots L",
    "bootsModelPartR": "Boots R",
    "bootsModelTexture": "From armor",
    "helmetImmuneToFire": false,
    "bodyImmuneToFire": false,
    "leggingsImmuneToFire": false,
    "bootsImmuneToFire": false,
    "maxDamage": 10,
    "damageValueHelmet": 2,
    "damageValueBody": 6,
    "damageValueLeggings": 5,
    "damageValueBoots": 2,
    "enchantability": 9,
    "toughness": 0.0,
    "knockbackResistance": 0.4,
    "equipSound": {
      "value": "entity.ravager.celebrate"
    },
    "repairItems": []
  }
}