{
	"credit": "Made with Blockbench",
	"texture_size": [64, 64],
	"textures": {
		"0": "redstone_grandarmor"
	},
	"elements": [
		{
			"name": "body",
			"from": [3.25, 2.75, 5.25],
			"to": [12.75, 15.25, 10.75],
			"rotation": {"angle": 0, "axis": "y", "origin": [18.5, 0, -0.5]},
			"faces": {
				"north": {"uv": [1.25, 5.5, 3.5, 8.5], "texture": "#0"},
				"east": {"uv": [0, 5.5, 1.25, 8.5], "texture": "#0"},
				"south": {"uv": [4.75, 5.5, 7, 8.5], "texture": "#0"},
				"west": {"uv": [3.5, 5.5, 4.75, 8.5], "texture": "#0"},
				"up": {"uv": [3.5, 5.5, 1.25, 4.25], "texture": "#0"},
				"down": {"uv": [5.75, 4.25, 3.5, 5.5], "texture": "#0"}
			}
		},
		{
			"from": [5.5, 9, 10.5],
			"to": [10.5, 13, 12.5],
			"rotation": {"angle": 0, "axis": "y", "origin": [18.5, 24, -0.5]},
			"faces": {
				"north": {"uv": [0.5, 15, 1.75, 16], "texture": "#0"},
				"east": {"uv": [0, 15, 0.5, 16], "texture": "#0"},
				"south": {"uv": [2.25, 15, 3.5, 16], "texture": "#0"},
				"west": {"uv": [1.75, 15, 2.25, 16], "texture": "#0"},
				"up": {"uv": [1.75, 15, 0.5, 14.5], "texture": "#0"},
				"down": {"uv": [3, 14.5, 1.75, 15], "texture": "#0"}
			}
		},
		{
			"name": "body",
			"from": [3.7, -0.3, 5.7],
			"to": [12.3, 15.3, 10.3],
			"rotation": {"angle": 0, "axis": "y", "origin": [-14, -3, 0]},
			"faces": {
				"north": {"uv": [8, 4.25, 10, 8], "texture": "#0"},
				"east": {"uv": [7, 4.25, 8, 8], "texture": "#0"},
				"south": {"uv": [11, 4.25, 13, 8], "texture": "#0"},
				"west": {"uv": [10, 4.25, 11, 8], "texture": "#0"},
				"up": {"uv": [10, 4.25, 8, 3.25], "texture": "#0"},
				"down": {"uv": [12, 3.25, 10, 4.25], "texture": "#0"}
			}
		},
		{
			"name": "left_arm",
			"from": [-1.3, 9.7, 4.7],
			"to": [4.3, 17.3, 11.3],
			"rotation": {"angle": 0, "axis": "y", "origin": [0, 1, 0]},
			"faces": {
				"north": {"uv": [9.5, 1.5, 10.75, 3.25], "texture": "#0"},
				"east": {"uv": [8, 1.5, 9.5, 3.25], "texture": "#0"},
				"south": {"uv": [12.25, 1.5, 13.5, 3.25], "texture": "#0"},
				"west": {"uv": [10.75, 1.5, 12.25, 3.25], "texture": "#0"},
				"up": {"uv": [10.75, 1.5, 9.5, 0], "texture": "#0"},
				"down": {"uv": [12, 0, 10.75, 1.5], "texture": "#0"}
			}
		},
		{
			"from": [-3.8, 9.7, 4.7],
			"to": [-1.2, 14.3, 11.3],
			"rotation": {"angle": 0, "axis": "y", "origin": [-6.5, 22.5, 0]},
			"faces": {
				"north": {"uv": [4, 12, 4.5, 13], "texture": "#0"},
				"east": {"uv": [2.5, 12, 4, 13], "texture": "#0"},
				"south": {"uv": [6, 12, 6.5, 13], "texture": "#0"},
				"west": {"uv": [4.5, 12, 6, 13], "texture": "#0"},
				"up": {"uv": [4.5, 12, 4, 10.5], "texture": "#0"},
				"down": {"uv": [5, 10.5, 4.5, 12], "texture": "#0"}
			}
		},
		{
			"name": "left_arm",
			"from": [11.7, 9.7, 4.7],
			"to": [17.3, 17.3, 11.3],
			"shade": false,
			"rotation": {"angle": 0, "axis": "y", "origin": [0, 1, 0]},
			"faces": {
				"north": {"uv": [10.75, 1.5, 9.5, 3.25], "texture": "#0"},
				"east": {"uv": [12.25, 1.5, 10.75, 3.25], "texture": "#0"},
				"south": {"uv": [13.5, 1.5, 12.25, 3.25], "texture": "#0"},
				"west": {"uv": [9.5, 1.5, 8, 3.25], "texture": "#0"},
				"up": {"uv": [9.5, 1.5, 10.75, 0], "texture": "#0"},
				"down": {"uv": [10.75, 0, 12, 1.5], "texture": "#0"}
			}
		},
		{
			"from": [17.2, 9.7, 4.7],
			"to": [19.8, 14.3, 11.3],
			"shade": false,
			"rotation": {"angle": 0, "axis": "y", "origin": [6.5, 22.5, 0]},
			"faces": {
				"north": {"uv": [4.5, 12, 4, 13], "texture": "#0"},
				"east": {"uv": [6, 12, 4.5, 13], "texture": "#0"},
				"south": {"uv": [6.5, 12, 6, 13], "texture": "#0"},
				"west": {"uv": [4, 12, 2.5, 13], "texture": "#0"},
				"up": {"uv": [4, 12, 4.5, 10.5], "texture": "#0"},
				"down": {"uv": [4.5, 10.5, 5, 12], "texture": "#0"}
			}
		}
	],
	"display": {
		"thirdperson_righthand": {
			"scale": [0.5, 0.5, 0.5]
		},
		"thirdperson_lefthand": {
			"scale": [0.5, 0.5, 0.5]
		},
		"firstperson_righthand": {
			"scale": [0.5, 0.5, 0.5]
		},
		"firstperson_lefthand": {
			"scale": [0.5, 0.5, 0.5]
		},
		"gui": {
			"rotation": [24.25, -155.25, 0],
			"translation": [0.25, -1, 0],
			"scale": [0.8, 0.8, 0.8]
		},
		"head": {
			"translation": [0, 1.25, -5.5],
			"scale": [1.44922, 1, 1]
		}
	},
	"groups": [
		{
			"name": "body",
			"origin": [0, 24, 0],
			"color": 0,
			"nbt": "{}",
			"armAnimationEnabled": false,
			"children": [
				{
					"name": "outer_chestplate",
					"origin": [18.5, 24, -0.5],
					"color": 0,
					"nbt": "{}",
					"armAnimationEnabled": false,
					"children": [0, 1]
				},
				{
					"name": "inner_chestplate",
					"origin": [-14, 21, 0],
					"color": 0,
					"nbt": "{}",
					"armAnimationEnabled": false,
					"children": [2]
				},
				{
					"name": "left_shoulderpad",
					"origin": [-5, 22, 0],
					"color": 0,
					"nbt": "{}",
					"armAnimationEnabled": false,
					"shade": false,
					"children": [3, 4]
				},
				{
					"name": "right_shoulderpad",
					"origin": [5, 22, 0],
					"color": 0,
					"nbt": "{}",
					"armAnimationEnabled": false,
					"shade": false,
					"children": [5, 6]
				}
			]
		}
	]
}