{
  "credit": "Made with Blockbench",
  "texture_size": [
    64,
    64
  ],
  "elements": [
    {
      "name": "leggingsRight",
      "from": [
        7.75,
        0.75,
        5.75
      ],
      "to": [
        12.25,
        11.25,
        10.25
      ],
      "shade": false,
      "rotation": {
        "angle": 0,
        "axis": "y",
        "origin": [
          7,
          0,
          0
        ]
      },
      "faces": {
        "north": {
          "uv": [
            2,
            9.5,
            1,
            12
          ],
          "texture": "#0"
        },
        "east": {
          "uv": [
            3,
            9.5,
            2,
            12
          ],
          "texture": "#0"
        },
        "south": {
          "uv": [
            4,
            9.5,
            3,
            12
          ],
          "texture": "#0"
        },
        "west": {
          "uv": [
            1,
            9.5,
            0,
            12
          ],
          "texture": "#0"
        },
        "up": {
          "uv": [
            1,
            9.5,
            2,
            8.5
          ],
          "texture": "#0"
        },
        "down": {
          "uv": [
            2,
            8.5,
            3,
            9.5
          ],
          "texture": "#0"
        }
      }
    },
    {
      "name": "leggingsRight",
      "from": [
        3.75,
        0.75,
        5.75
      ],
      "to": [
        8.25,
        11.25,
        10.25
      ],
      "rotation": {
        "angle": 0,
        "axis": "y",
        "origin": [
          -7,
          0,
          0
        ]
      },
      "faces": {
        "north": {
          "uv": [
            1,
            9.5,
            2,
            12
          ],
          "texture": "#0"
        },
        "east": {
          "uv": [
            0,
            9.5,
            1,
            12
          ],
          "texture": "#0"
        },
        "south": {
          "uv": [
            3,
            9.5,
            4,
            12
          ],
          "texture": "#0"
        },
        "west": {
          "uv": [
            2,
            9.5,
            3,
            12
          ],
          "texture": "#0"
        },
        "up": {
          "uv": [
            2,
            9.5,
            1,
            8.5
          ],
          "texture": "#0"
        },
        "down": {
          "uv": [
            3,
            8.5,
            2,
            9.5
          ],
          "texture": "#0"
        }
      }
    }
  ],
  "display": {
    "thirdperson_righthand": {
      "scale": [
        0.5,
        0.5,
        0.5
      ]
    },
    "thirdperson_lefthand": {
      "scale": [
        0.5,
        0.5,
        0.5
      ]
    },
    "firstperson_righthand": {
      "scale": [
        0.5,
        0.5,
        0.5
      ]
    },
    "firstperson_lefthand": {
      "scale": [
        0.5,
        0.5,
        0.5
      ]
    },
    "gui": {
      "rotation": [
        29.5,
        -134.5,
        0
      ],
      "translation": [
        0,
        2,
        0
      ]
    },
    "head": {
      "translation": [
        0,
        -3.75,
        -7
      ],
      "scale": [
        0.51367,
        0.58594,
        0.79883
      ]
    }
  },
  "groups": [
    {
      "name": "leggingsRight",
      "origin": [
        1.9,
        12,
        0
      ],
      "color": 0,
      "nbt": "{}",
      "armAnimationEnabled": false,
      "shade": false,
      "children": [
        0
      ]
    },
    {
      "name": "leggingsLeft",
      "origin": [
        -1.9,
        12,
        0
      ],
      "color": 0,
      "nbt": "{}",
      "armAnimationEnabled": false,
      "shade": false,
      "children": [
        1
      ]
    }
  ]
}