{
	"credit": "Made with Blockbench",
	"texture_size": [64, 64],
	"textures": {
		"0": "redstone_grandarmor"
	},
	"elements": [
		{
			"name": "Left_shoe",
			"from": [7.5, -0.5, 5.5],
			"to": [12.5, 12.5, 10.5],
			"shade": false,
			"faces": {
				"north": {"uv": [8, 9, 7, 12], "texture": "#0"},
				"east": {"uv": [9, 9, 8, 12], "texture": "#0"},
				"south": {"uv": [10, 9, 9, 12], "texture": "#0"},
				"west": {"uv": [7, 9, 6, 12], "texture": "#0"},
				"up": {"uv": [7, 9, 8, 8], "texture": "#0"},
				"down": {"uv": [8, 8, 9, 9], "texture": "#0"}
			}
		},
		{
			"name": "Left_shoe",
			"from": [3.5, -0.5, 5.5],
			"to": [8.5, 12.5, 10.5],
			"faces": {
				"north": {"uv": [7, 9, 8, 12], "texture": "#0"},
				"east": {"uv": [6, 9, 7, 12], "texture": "#0"},
				"south": {"uv": [9, 9, 10, 12], "texture": "#0"},
				"west": {"uv": [8, 9, 9, 12], "texture": "#0"},
				"up": {"uv": [8, 9, 7, 8], "texture": "#0"},
				"down": {"uv": [9, 8, 8, 9], "texture": "#0"}
			}
		}
	],
	"display": {
		"thirdperson_righthand": {
			"translation": [0, 3, 0],
			"scale": [0.5, 0.5, 0.5]
		},
		"thirdperson_lefthand": {
			"translation": [0, 3, 0],
			"scale": [0.5, 0.5, 0.5]
		},
		"firstperson_righthand": {
			"translation": [0, 4, 0],
			"scale": [0.5, 0.5, 0.5]
		},
		"firstperson_lefthand": {
			"translation": [0, 4, 0],
			"scale": [0.5, 0.5, 0.5]
		},
		"gui": {
			"rotation": [25.5, -160.25, 0],
			"translation": [0, 3.75, 0]
		},
		"head": {
			"translation": [0, 6.75, -4.75],
			"scale": [1.55469, 1.14648, 1]
		}
	},
	"groups": [
		{
			"name": "Right_shoe",
			"origin": [1.9, 12, 0],
			"color": 0,
			"nbt": "{}",
			"armAnimationEnabled": false,
			"shade": false,
			"children": [0]
		},
		{
			"name": "Left_shoe",
			"origin": [-1.9, 12, 0],
			"color": 0,
			"nbt": "{}",
			"armAnimationEnabled": false,
			"shade": false,
			"children": [1]
		}
	]
}