{
  "_fv": 33,
  "_type": "livingentity",
  "definition": {
    "mobName": "Zombie Cow",
    "mobLabel": "",
    "mobModelName": "ModelAnimatedWardenCowModel",
    "mobModelTexture": "zombified-cow-on-planetminecraft-com.png",
    "mobModelGlowTexture": "",
    "modelWidth": 0.9,
    "modelHeight": 1.9,
    "modelShadowSize": 0.5,
    "mountedYOffset": 0.0,
    "hasSpawnEgg": true,
    "spawnEggBaseColor": {
      "value": -10092442,
      "falpha": 0.0
    },
    "spawnEggDotColor": {
      "value": -13434880,
      "falpha": 0.0
    },
    "creativeTab": {
      "value": "CUSTOM:MonstersTab"
    },
    "isBoss": false,
    "bossBarColor": "PINK",
    "bossBarType": "PROGRESS",
    "equipmentMainHand": {
      "value": ""
    },
    "equipmentOffHand": {
      "value": ""
    },
    "equipmentHelmet": {
      "value": ""
    },
    "equipmentBody": {
      "value": ""
    },
    "equipmentLeggings": {
      "value": ""
    },
    "equipmentBoots": {
      "value": ""
    },
    "mobBehaviourType": "Mob",
    "mobCreatureType": "UNDEAD",
    "attackStrength": 4,
    "attackKnockback": 0.2,
    "knockbackResistance": 0.5,
    "movementSpeed": 0.2,
    "armorBaseValue": 0.0,
    "trackingRange": 64,
    "followRange": 16,
    "health": 24,
    "xpAmount": 5,
    "waterMob": false,
    "flyingMob": false,
    "guiBoundTo": "<NONE>",
    "inventorySize": 9,
    "inventoryStackSize": 64,
    "disableCollisions": false,
    "ridable": false,
    "canControlForward": false,
    "canControlStrafe": false,
    "immuneToFire": false,
    "immuneToArrows": false,
    "immuneToFallDamage": false,
    "immuneToCactus": false,
    "immuneToDrowning": false,
    "immuneToLightning": false,
    "immuneToPotions": false,
    "immuneToPlayer": false,
    "immuneToExplosion": false,
    "immuneToTrident": false,
    "immuneToAnvil": false,
    "immuneToWither": false,
    "immuneToDragonBreath": false,
    "mobDrop": {
      "value": ""
    },
    "livingSound": {
      "value": "entity.cow.ambient"
    },
    "hurtSound": {
      "value": "entity.cow.hurt"
    },
    "deathSound": {
      "value": "entity.cow.death"
    },
    "stepSound": {
      "value": "entity.cow.step"
    },
    "spawnParticles": false,
    "particleToSpawn": {
      "value": "EXPLOSION_NORMAL"
    },
    "particleSpawningShape": "Spread",
    "particleSpawningRadious": 0.5,
    "particleAmount": 4,
    "hasAI": true,
    "aiBase": "Zombie",
    "aixml": "<xml xmlns=\"https://developers.google.com/blockly/xml\"><block type=\"aitasks_container\" deletable=\"false\" x=\"40\" y=\"40\"></block></xml>",
    "breedable": false,
    "tameable": false,
    "breedTriggerItems": [],
    "ranged": false,
    "rangedAttackItem": {
      "value": ""
    },
    "rangedItemType": "Default item",
    "spawnThisMob": true,
    "doesDespawnWhenIdle": true,
    "spawningProbability": 20,
    "mobSpawningType": "monster",
    "minNumberOfMobsPerGroup": 1,
    "maxNumberOfMobsPerGroup": 4,
    "restrictionBiomes": [],
    "spawnInDungeons": false
  }
}