{
  "redstonegolem_hit": {
    "category": "hostile",
    "sounds": [
      {
        "name": "workspace:redstonegolem_hurt",
        "stream": false
      }
    ]
  },
  "redstonegolem_death": {
    "category": "hostile",
    "sounds": [
      {
        "name": "workspace:redstonegolem_death",
        "stream": false
      }
    ]
  },
  "redstonegolem_idle": {
    "category": "neutral",
    "sounds": [
      {
        "name": "workspace:redstonegolem_idle",
        "stream": false
      }
    ]
  },
  "redstonegolem_growl": {
    "category": "neutral",
    "sounds": [
      {
        "name": "workspace:redstonegolemgrowl",
        "stream": false
      }
    ]
  },
  "redstonegolem_electric": {
    "category": "hostile",
    "sounds": [
      {
        "name": "workspace:redstonegolem_electric",
        "stream": false
      }
    ]
  },
  "redstonegolem_step": {
    "category": "hostile",
    "sounds": [
      {
        "name": "workspace:redstone_golem_step",
        "stream": false
      }
    ]
  },
  "endersent_hurt": {
    "category": "hostile",
    "sounds": [
      {
        "name": "workspace:endersent_hurt",
        "stream": false
      }
    ]
  },
  "endersent_death": {
    "category": "hostile",
    "sounds": [
      {
        "name": "workspace:endersent_death",
        "stream": false
      }
    ]
  },
  "endersent_idle": {
    "category": "hostile",
    "sounds": [
      {
        "name": "workspace:endersent_idle",
        "stream": false
      }
    ]
  },
  "endersent_step": {
    "category": "hostile",
    "sounds": [
      {
        "name": "workspace:endersent_step",
        "stream": false
      }
    ]
  },
  "robot_idle": {
    "category": "hostile",
    "sounds": [
      {
        "name": "workspace:robot_idle1",
        "stream": false
      },
      {
        "name": "workspace:robot_idle2",
        "stream": false
      }
    ]
  },
  "monstrosity_idle": {
    "category": "hostile",
    "sounds": [
      {
        "name": "workspace:monstrosity_idle",
        "stream": false
      }
    ]
  },
  "monstrosity_shoot": {
    "category": "hostile",
    "sounds": [
      {
        "name": "workspace:monstrosity_shoot",
        "stream": false
      }
    ]
  },
  "monstrosity_death": {
    "category": "hostile",
    "sounds": [
      {
        "name": "workspace:monstrosity_death",
        "stream": false
      }
    ]
  },
  "monstrosity_hurt": {
    "category": "hostile",
    "sounds": [
      {
        "name": "workspace:monstrosity_hurt",
        "stream": false
      }
    ]
  },
  "monstrosity_step": {
    "category": "hostile",
    "sounds": [
      {
        "name": "workspace:monstroland",
        "stream": false
      }
    ]
  }
}