{
  "_fv": 34,
  "_type": "armor",
  "definition": {
    "enableHelmet": true,
    "textureHelmet": "redstone_bomb_projectile",
    "enableBody": true,
    "textureBody": "redstone_bomb_projectile",
    "enableLeggings": true,
    "textureLeggings": "redstone_bomb_projectile",
    "enableBoots": true,
    "textureBoots": "redstone_bomb_projectile",
    "creativeTab": {
      "value": "CUSTOM:ItemsOfCSMM"
    },
    "armorTextureFile": "red_armor",
    "helmetName": "Redstone Grand Armor Helmet",
    "bodyName": "Redstone Grand Armor Chestplate",
    "leggingsName": "Redstone Grand Armor Leggings",
    "bootsName": "Redstone Grand Armor Boots",
    "helmetSpecialInfo": [],
    "bodySpecialInfo": [],
    "leggingsSpecialInfo": [],
    "bootsSpecialInfo": [],
    "helmetModelName": "Modelredstone_grandarmor",
    "helmetModelPart": "head",
    "helmetModelTexture": "redstone_grandarmor.png",
    "bodyModelName": "Modelredstone_grandarmor",
    "bodyModelPart": "body",
    "armsModelPartL": "left_shoulderpad",
    "armsModelPartR": "right_shoulderpad",
    "bodyModelTexture": "redstone_grandarmor.png",
    "leggingsModelName": "Modelredstone_grandarmor",
    "leggingsModelPartL": "leggingsLeft",
    "leggingsModelPartR": "leggingsRight",
    "leggingsModelTexture": "redstone_grandarmor.png",
    "bootsModelName": "Modelredstone_grandarmor",
    "bootsModelPartL": "Left_shoe",
    "bootsModelPartR": "Right_shoe",
    "bootsModelTexture": "redstone_grandarmor.png",
    "helmetImmuneToFire": true,
    "bodyImmuneToFire": true,
    "leggingsImmuneToFire": true,
    "bootsImmuneToFire": true,
    "maxDamage": 25,
    "damageValueHelmet": 3,
    "damageValueBody": 8,
    "damageValueLeggings": 6,
    "damageValueBoots": 3,
    "enchantability": 9,
    "toughness": 3.0,
    "knockbackResistance": 0.1,
    "equipSound": {
      "value": "CUSTOM:redstonegolem_step"
    },
    "repairItems": []
  }
}