{
  "_fv": 34,
  "_type": "armor",
  "definition": {
    "enableHelmet": false,
    "textureHelmet": "",
    "enableBody": true,
    "textureBody": "iron_golem_totem",
    "enableLeggings": false,
    "textureLeggings": "",
    "enableBoots": false,
    "textureBoots": "",
    "creativeTab": {
      "value": "COMBAT"
    },
    "armorTextureFile": "red_armor",
    "helmetName": "Fake Iron Golem Helmet",
    "bodyName": "Fake Iron Golem Body",
    "leggingsName": "Fake Iron Golem Leggings",
    "bootsName": "Fake Iron Golem Boots",
    "helmetSpecialInfo": [],
    "bodySpecialInfo": [],
    "leggingsSpecialInfo": [],
    "bootsSpecialInfo": [],
    "helmetModelName": "Default",
    "helmetModelPart": "Helmet",
    "helmetModelTexture": "From armor",
    "bodyModelName": "ModelAnimatedWardenIronGolemModel",
    "bodyModelPart": "root",
    "armsModelPartL": "root",
    "armsModelPartR": "root",
    "bodyModelTexture": "an-actual-iron-golem-on-planetminecraft-com.png",
    "leggingsModelName": "Default",
    "leggingsModelPartL": "Leggings L",
    "leggingsModelPartR": "Leggings R",
    "leggingsModelTexture": "From armor",
    "bootsModelName": "Default",
    "bootsModelPartL": "Boots L",
    "bootsModelPartR": "Boots R",
    "bootsModelTexture": "From armor",
    "helmetImmuneToFire": false,
    "bodyImmuneToFire": false,
    "leggingsImmuneToFire": false,
    "bootsImmuneToFire": false,
    "maxDamage": 10,
    "damageValueHelmet": 2,
    "damageValueBody": 15,
    "damageValueLeggings": 5,
    "damageValueBoots": 2,
    "enchantability": 9,
    "toughness": 0.0,
    "knockbackResistance": 0.0,
    "equipSound": {
      "value": "entity.iron_golem.repair"
    },
    "repairItems": [
      {
        "value": "Items.IRON_INGOT"
      }
    ]
  }
}