{
  "redstonegolem_hit": {
    "category": "hostile",
    "sounds": [
      {
        "name": "crimson_steves_mobs:redstonegolem_hurt",
        "stream": false
      }
    ]
  },
  "redstonegolem_death": {
    "category": "hostile",
    "sounds": [
      {
        "name": "crimson_steves_mobs:redstonegolem_death",
        "stream": false
      }
    ]
  },
  "redstonegolem_idle": {
    "category": "neutral",
    "sounds": [
      {
        "name": "crimson_steves_mobs:redstonegolem_idle",
        "stream": false
      }
    ]
  },
  "redstonegolem_growl": {
    "category": "neutral",
    "sounds": [
      {
        "name": "crimson_steves_mobs:redstonegolemgrowl",
        "stream": false
      }
    ]
  },
  "redstonegolem_electric": {
    "category": "hostile",
    "sounds": [
      {
        "name": "crimson_steves_mobs:redstonegolem_electric",
        "stream": false
      }
    ]
  },
  "redstonegolem_step": {
    "category": "hostile",
    "sounds": [
      {
        "name": "crimson_steves_mobs:redstone_golem_step",
        "stream": false
      }
    ]
  },
  "endersent_hurt": {
    "category": "hostile",
    "sounds": [
      {
        "name": "crimson_steves_mobs:endersent_hurt",
        "stream": false
      }
    ]
  },
  "endersent_death": {
    "category": "hostile",
    "sounds": [
      {
        "name": "crimson_steves_mobs:endersent_death",
        "stream": false
      }
    ]
  },
  "endersent_idle": {
    "category": "hostile",
    "sounds": [
      {
        "name": "crimson_steves_mobs:endersent_idle",
        "stream": false
      }
    ]
  },
  "endersent_step": {
    "category": "hostile",
    "sounds": [
      {
        "name": "crimson_steves_mobs:endersent_step",
        "stream": false
      }
    ]
  },
  "robot_idle": {
    "category": "hostile",
    "sounds": [
      {
        "name": "crimson_steves_mobs:robot_idle1",
        "stream": false
      },
      {
        "name": "crimson_steves_mobs:robot_idle2",
        "stream": false
      }
    ]
  },
  "monstrosity_idle": {
    "category": "hostile",
    "sounds": [
      {
        "name": "crimson_steves_mobs:monstrosity_idle",
        "stream": false
      }
    ]
  },
  "monstrosity_death": {
    "category": "hostile",
    "sounds": [
      {
        "name": "crimson_steves_mobs:monstrosity_death",
        "stream": false
      }
    ]
  },
  "monstrosity_hurt": {
    "category": "hostile",
    "sounds": [
      {
        "name": "crimson_steves_mobs:monstrosity_hurt",
        "stream": false
      }
    ]
  },
  "monstrosity_step": {
    "category": "hostile",
    "sounds": [
      {
        "name": "crimson_steves_mobs:monstroland",
        "stream": false
      }
    ]
  },
  "rock_smash": {
    "category": "hostile",
    "sounds": [
      {
        "name": "crimson_steves_mobs:rock_smash1",
        "stream": false
      },
      {
        "name": "crimson_steves_mobs:rock_smash2",
        "stream": false
      }
    ]
  },
  "rock_match": {
    "category": "hostile",
    "sounds": [
      {
        "name": "crimson_steves_mobs:rock_match1",
        "stream": false
      }
    ]
  },
  "monstrosity_shoot_2": {
    "category": "hostile",
    "sounds": [
      {
        "name": "crimson_steves_mobs:obsimonstrosityshoot_soundwave",
        "stream": false
      }
    ]
  },
  "monstrosity_shoot": {
    "category": "hostile",
    "sounds": [
      {
        "name": "crimson_steves_mobs:monstrosity_shoot",
        "stream": false
      }
    ]
  },
  "creesteve_hurt": {
    "category": "hostile",
    "sounds": [
      {
        "name": "crimson_steves_mobs:creesteve_hurt1",
        "stream": false
      },
      {
        "name": "crimson_steves_mobs:creesteve_hurt2",
        "stream": false
      },
      {
        "name": "crimson_steves_mobs:creesteve_hurt3",
        "stream": false
      },
      {
        "name": "crimson_steves_mobs:creesteve_hurt4",
        "stream": false
      }
    ]
  },
  "creesteve_death": {
    "category": "hostile",
    "sounds": [
      {
        "name": "crimson_steves_mobs:creesteve_death",
        "stream": false
      }
    ]
  },
  "jeb_nooooo": {
    "category": "hostile",
    "sounds": [
      {
        "name": "crimson_steves_mobs:jeb-nooo",
        "stream": false
      }
    ]
  }
}